Zip Code,Latitude,Longitude,Population
90022,34.02381,-118.156582,68701
90063,34.044271,-118.185237,55668
90065,34.108833,-118.229715,47534
90303,33.936291,-118.332639,27778
90602,33.972119,-118.020188,26265
90660,33.989524,-118.089299,63288
90720,33.79499,-118.065591,21343
91024,34.168686,-118.057505,10558
91106,34.139402,-118.128658,23742
91107,34.159007,-118.087353,32369
91605,34.207295,-118.400022,57146
91722,34.097345,-117.906736,33817
91732,34.074492,-118.01462,62660
91746,34.038983,-117.991372,30802
91748,33.976753,-117.897367,46342
91764,34.074087,-117.605618,49474
91901,32.827184,-116.703729,16486
92122,32.85723,-117.209774,34902
92274,33.53604,-116.119222,17018
92509,34.004379,-117.447864,63999
92544,33.644585,-116.871544,39264
92557,33.970661,-117.255039,46214
92571,33.828289,-117.201666,26357
92807,33.848733,-117.788357,36301
92823,33.924143,-117.79387,1408
92887,33.884073,-117.732197,20893
93067,34.420998,-119.60137,576
93101,34.419203,-119.710008,31727
93201,35.869626,-119.498771,1054
93208,36.057458,-118.591951,191
93215,35.772244,-119.209689,37280
93224,35.215731,-119.57013,626
92592,33.507255,-117.029473,46171
92129,32.961064,-117.134917,47224
93606,36.798882,-120.019511,807
93662,36.545322,-119.642281,26213
93675,36.719141,-119.202677,3146
93706,36.654614,-119.903674,35790
93928,35.930782,-121.189757,254
94102,37.7795,-122.419233,28998
94108,37.791998,-122.408653,13723
94114,37.758085,-122.434801,30587
94130,37.820894,-122.369725,1458
94304,37.386978,-122.177746,1723
94512,38.140719,-121.838298,138
94514,37.83323,-121.601461,10153
94539,37.516791,-121.899117,46917
94550,37.571748,-121.659562,75929
94558,38.489789,-122.27011,63947
94566,37.633361,-121.862395,36669
94583,37.766556,-121.976784,44078
94588,37.685052,-121.912061,28568
94704,37.871416,-122.246597,21205
94707,37.897753,-122.279391,11889
94710,37.872902,-122.303708,8157
94904,37.946617,-122.563571,12010
94933,38.010092,-122.689442,1025
95019,36.936228,-121.785559,4753
95020,37.03889,-121.528955,49968
95030,37.222842,-121.988727,13290
95128,37.316146,-121.936285,32804
95135,37.28682,-121.723877,15798
95232,38.358464,-120.579304,21
95310,38.085839,-120.37855,2144
92027,33.141265,-116.967221,48690
90712,33.840524,-118.148403,30173
95439,38.493888,-122.777141,476
95464,39.12334,-122.838198,2223
95511,40.166028,-123.584144,261
95524,40.825486,-124.049485,1689
95551,40.665952,-124.240051,1447
95562,40.485849,-124.163234,3284
95618,38.544002,-121.685559,648
95630,38.672638,-121.147403,51855
95653,38.674276,-121.961866,844
95668,38.833554,-121.498102,901
95681,38.984756,-121.345074,1219
95692,39.043387,-121.409837,3600
95742,38.591134,-121.161585,299
95923,40.171312,-121.120605,86
95935,39.381174,-121.21191,614
95942,40.077028,-121.494168,1351
95949,39.099204,-121.137962,17922
95959,39.333737,-120.858667,17269
92028,33.362575,-117.299644,42239
96052,40.704293,-122.803899,1845
96073,40.582399,-122.195512,4931
96084,40.923558,-122.059933,459
92130,32.957195,-117.202542,28201
92121,32.898613,-117.202937,4258
90254,33.86532,-118.396336,18693
90620,33.845706,-118.012204,44442
90621,33.874224,-117.993368,33528
90813,33.781086,-118.199049,63136
91030,34.110444,-118.156957,23984
91202,34.167926,-118.267539,21990
91204,34.136306,-118.26036,17015
91335,34.200175,-118.540958,68018
91342,34.321621,-118.399841,81986
91502,34.177267,-118.31003,11517
91606,34.187599,-118.387125,45358
91710,33.990646,-117.663025,75319
91711,34.127621,-117.717863,34716
92117,32.825086,-117.199424,51213
92239,33.889605,-115.257009,964
92397,34.358321,-117.618263,4253
92555,33.907361,-117.109972,12743
92563,33.581045,-117.14719,18311
92567,33.82769,-117.102244,7344
92606,33.703976,-117.824172,17621
92625,33.600987,-117.862734,13422
92655,33.744439,-117.98588,8660
92661,33.601309,-117.902304,4242
92663,33.62251,-117.927024,22133
92706,33.765893,-117.881533,37879
93022,34.404544,-119.302118,6503
93110,34.437945,-119.77191,15757
93270,35.939068,-119.043666,5868
93426,35.842889,-121.004862,1363
93444,35.050345,-120.489599,15405
93541,37.890145,-119.184087,504
93591,34.598221,-117.79593,6787
93612,36.814539,-119.711868,33856
93615,36.497895,-119.285484,5519
93621,36.789213,-119.140338,506
93625,36.625792,-119.672483,5635
93665,36.959731,-120.653519,343
93668,36.635661,-120.288644,1130
93932,35.989792,-121.055933,538
93933,36.689582,-121.758398,21759
93954,36.125529,-120.864443,521
94015,37.680844,-122.48131,63337
94109,37.794487,-122.42227,56330
94123,37.800254,-122.436975,22920
94402,37.556634,-122.317723,23393
94520,38.013825,-122.039144,36186
94542,37.656695,-122.048361,11147
94559,38.232389,-122.324944,26894
94803,37.963995,-122.288296,25399
94901,37.972662,-122.491452,40239
94945,38.135897,-122.563683,16429
94970,37.921137,-122.657562,781
95032,37.233034,-121.947427,24443
95039,36.863303,-121.781632,899
95110,37.34667,-121.910019,18197
95126,37.327069,-121.916819,27023
95127,37.375156,-121.795867,60620
95207,38.002125,-121.324979,49965
95222,38.071327,-120.632221,4264
95251,38.244806,-120.417301,460
95303,37.4695,-120.672724,809
95306,37.394411,-120.127262,986
95323,37.605926,-120.69955,1055
95372,37.990574,-120.261821,1519
95417,39.710591,-123.682799,176
95466,39.094102,-123.500853,1113
95468,38.911299,-123.609588,1352
95488,39.724433,-123.767578,309
95543,41.867908,-123.794144,532
95587,39.955587,-123.681175,200
95608,38.626128,-121.328011,58830
95610,38.69508,-121.271616,43718
95638,38.313447,-121.123886,1745
95658,38.883224,-121.15918,6096
95678,38.759751,-121.288545,30614
95703,38.983388,-120.988814,1526
95814,38.584505,-121.491956,16599
95819,38.567594,-121.437507,15975
95835,38.685069,-121.543709,854
95838,38.646096,-121.442433,34894
95920,39.449794,-121.936372,303
95930,39.562239,-121.14836,282
95971,39.971228,-121.041166,6189
95982,39.172777,-121.805845,3193
95984,40.022184,-121.062384,73
96006,41.171578,-120.913161,615
96074,39.884395,-122.587513,263
96080,40.186772,-122.388361,26438
96109,40.012675,-120.101857,1177
96125,39.600599,-120.636358,348
96148,39.24124,-120.054765,678
90007,34.027337,-118.28515,45025
90024,34.066303,-118.435479,44150
90028,34.099869,-118.326843,30568
90039,34.110845,-118.259595,29310
90230,33.993991,-118.39704,31963
90232,34.019323,-118.391902,15195
90248,33.876482,-118.284077,9960
90501,33.833699,-118.314387,40705
90640,34.015217,-118.109962,62425
90713,33.847755,-118.112532,27563
91007,34.128284,-118.047732,30933
91304,34.224377,-118.632656,49242
91381,34.364153,-118.615583,9937
91384,34.506627,-118.699048,22177
91401,34.178483,-118.431791,40376
91790,34.066964,-117.937007,44099
91906,32.673483,-116.472863,3133
91915,32.605012,-116.97595,9278
91978,32.730264,-116.950963,7863
92003,33.290907,-117.202895,3849
92029,33.079834,-117.134275,17944
92059,33.384345,-117.072619,1831
92061,33.313828,-116.940501,2615
92084,33.22784,-117.200024,44692
92210,33.537646,-116.291089,3873
92241,33.832799,-116.250973,5529
92258,33.906496,-116.569499,732
92325,34.248061,-117.29028,10484
92356,34.508417,-116.856103,5256
92373,34.003243,-117.138286,31230
92382,34.186211,-117.07683,5395
92394,34.567058,-117.362329,12083
92408,34.084909,-117.258107,12149
92508,33.885499,-117.324959,17147
92532,33.705836,-117.318204,4546
92570,33.787298,-117.320676,36817
92590,33.475493,-117.219551,3070
92620,33.716136,-117.752574,26419
92705,33.766004,-117.786763,44117
93010,34.227846,-119.079903,42853
93066,34.297628,-119.014627,2966
93210,36.186867,-120.387793,18036
93218,35.846067,-119.004073,823
93234,36.217864,-120.080117,6918
93251,35.38381,-119.730885,302
93277,36.303793,-119.375646,44741
93287,35.710244,-118.881679,88
93516,34.95703,-117.73045,2241
93551,34.613476,-118.256358,34045
93627,36.520537,-120.118055,152
93648,36.622237,-119.521126,12587
94014,37.691561,-122.445202,47453
94019,37.45567,-122.407992,17929
94021,37.266388,-122.26308,148
94027,37.454924,-122.203168,6876
94104,37.791222,-122.402241,384
94519,37.990118,-122.012188,18650
94525,38.049292,-122.228415,3193
94533,38.287136,-122.02711,77683
94564,37.996462,-122.293716,16717
94569,38.035707,-122.196821,173
94590,38.104705,-122.247387,37218
94601,37.776523,-122.219268,54876
94806,37.980269,-122.342635,55720
94903,38.018065,-122.546024,28403
94925,37.924014,-122.511694,9038
94956,38.060264,-122.830646,1885
95006,37.171727,-122.142961,10520
95037,37.161544,-121.649371,41707
95206,37.902422,-121.440029,49657
95209,38.044523,-121.348048,30814
95247,38.147852,-120.440124,4353
95313,37.435664,-121.049056,1508
95348,37.40122,-120.514191,23100
95355,37.672906,-120.946594,47613
95356,37.716186,-121.025836,26055
95388,37.421299,-120.599587,11463
95426,38.838088,-122.73203,1591
95460,39.305545,-123.743697,2229
95525,40.94338,-123.831799,1584
95616,38.508735,-121.678813,67411
95628,38.652065,-121.25441,40750
95636,38.636102,-120.522149,659
95637,38.830739,-122.196202,228
95650,38.809175,-121.171375,11191
95661,38.736685,-121.251984,25173
95666,38.546999,-120.271114,5501
95728,39.279068,-120.414275,88
95928,39.681488,-121.83721,32848
95939,39.53222,-122.594879,587
95950,39.033058,-121.895718,531
95970,39.424957,-122.039307,495
95987,39.117537,-122.284654,4579
95993,39.075694,-121.70606,27786
96007,40.448632,-122.306657,21418
96011,41.096569,-121.879082,265
96040,40.789799,-121.474529,397
96088,40.497441,-121.827524,4231
96093,40.759401,-122.939337,3749
90001,33.973616,-118.24902,54492
90005,34.059281,-118.30742,43019
90029,34.089953,-118.294824,41713
90044,33.952714,-118.292061,87383
90240,33.956228,-118.120993,24908
90255,33.97803,-118.217141,78114
90263,34.037037,-118.705803,11
90272,34.079449,-118.548306,22548
90732,33.744119,-118.31448,21279
90802,33.752524,-118.210737,38427
90808,33.823943,-118.111335,37417
91020,34.2112,-118.230625,7527
91108,34.122671,-118.112911,13158
91351,34.422519,-118.420717,59259
91411,34.17847,-118.459472,23646
91501,34.188339,-118.300942,18112
91702,34.174493,-117.87068,57775
91731,34.079934,-118.046695,30211
91767,34.083086,-117.737997,46626
91770,34.065108,-118.082791,61623
92109,32.787836,-117.232376,46086
92126,32.886925,-117.152162,74232
92399,34.04597,-117.011825,41575
92583,33.796568,-116.924723,21349
92629,33.477923,-117.705314,27730
92630,33.644849,-117.684254,59176
92648,33.679659,-118.016195,42663
92651,33.570023,-117.773669,25206
93021,34.312945,-118.858169,32984
93065,34.269449,-118.768471,64802
93204,35.916943,-120.129921,14697
93221,36.301689,-119.018233,13333
93254,34.956577,-119.750142,798
93401,35.233745,-120.626442,27047
93440,34.758699,-120.275839,1328
93445,35.059695,-120.604741,7435
93449,35.165668,-120.655842,8564
93513,37.245505,-118.062943,1826
93528,35.363339,-117.637641,207
93618,36.523619,-119.386868,24206
93638,37.004068,-119.930027,49247
93664,37.223,-119.001021,642
93702,36.739385,-119.753649,47999
93925,36.596271,-121.442274,1140
94028,37.369709,-122.215844,6601
94061,37.461251,-122.235414,35737
94063,37.499411,-122.196318,32368
94121,37.776718,-122.495781,42476
94132,37.722302,-122.491129,26297
94521,37.971421,-121.971504,39888
94553,38.014457,-122.115432,46677
94556,37.827946,-122.107185,16510
94561,37.999406,-121.686241,27607
94602,37.803883,-122.208417,28900
94608,37.83726,-122.287648,24589
94801,37.945288,-122.383941,28450
94939,37.937082,-122.532369,6773
95005,37.078873,-122.090386,6407
95008,37.279689,-121.954567,44976
95017,37.114335,-122.237162,857
95136,37.270938,-121.851046,36944
95139,37.218705,-121.762429,7023
95251,38.055562,-120.456298,460
95258,38.169605,-121.310964,4176
95315,37.422961,-120.765493,10159
95367,37.734971,-120.954271,16525
95407,38.394091,-122.739814,30876
95422,38.965804,-122.631779,13485
95453,39.080469,-122.955176,11180
95458,39.141934,-122.770679,3002
95497,38.696659,-123.436861,752
95526,40.372532,-123.525626,695
95542,40.057784,-123.679461,2423
95602,38.99003,-121.114408,18197
95651,38.815515,-120.916997,485
95655,38.549822,-121.266725,929
95683,38.470423,-121.114897,4731
95829,38.486502,-121.334051,11396
95919,39.440687,-121.263583,1237
95941,39.531028,-121.24807,452
96002,40.527834,-122.318749,30338
96019,40.692523,-122.369876,6277
96044,41.962127,-122.527696,1026
96063,40.408796,-121.579609,124
96091,41.081847,-122.700545,734
90059,33.927254,-118.249826,38128
90242,33.921793,-118.140588,42459
90304,33.936827,-118.359824,28680
90503,33.840399,-118.353714,41979
90605,33.960891,-118.032222,38181
90706,33.887676,-118.127289,72893
90723,33.897122,-118.164432,55306
91011,34.234912,-118.153729,20200
91331,34.255442,-118.421314,97318
91354,34.457005,-118.573726,17846
91360,34.214054,-118.88109,42526
91362,34.191842,-118.822796,33057
91423,34.146957,-118.432138,29387
91737,34.245289,-117.642503,23079
91740,34.119363,-117.855059,25135
91776,34.089927,-118.095645,38041
91801,34.090925,-118.128164,54382
91948,32.830852,-116.444601,81
92078,33.119028,-117.166036,6760
92104,32.741499,-117.127409,47689
92110,32.76501,-117.19938,24169
92114,32.707892,-117.05512,66838
92115,32.762506,-117.07245,56887
92123,32.808814,-117.134694,25232
92243,32.770393,-115.60915,43712
90033,34.050198,-118.210946,49431
90034,34.030578,-118.399613,58218
90037,34.002642,-118.287596,56709
90062,34.003553,-118.308933,29299
90064,34.037251,-118.423573,24505
90067,34.057496,-118.413959,2527
90241,33.940884,-118.128628,40152
90247,33.890853,-118.297967,47758
90250,33.914775,-118.348083,93315
90278,33.873395,-118.37019,37322
90402,34.035849,-118.503508,11509
90701,33.867593,-118.080637,16398
90742,33.719221,-118.073596,1107
91706,34.098275,-117.967399,76890
91709,33.942895,-117.725644,66754
91745,33.998471,-117.973758,53686
91750,34.144703,-117.770299,35530
91761,34.035602,-117.591528,56280
91775,34.114772,-118.089431,23444
91911,32.607964,-117.059459,71126
91916,32.912664,-116.635387,1587
91962,32.800671,-116.483363,1604
92036,32.980678,-116.262854,3577
92037,32.853743,-117.25034,42617
92067,33.012751,-117.200617,7615
92086,33.323705,-116.626907,1205
92102,32.716007,-117.117462,47140
92106,32.71346,-117.236378,18525
92173,32.555828,-117.040073,28488
92230,33.929812,-116.76058,2355
92231,32.690654,-115.431225,27804
92234,33.829583,-116.474131,43141
92256,34.097863,-116.594561,3499
92266,33.3249,-114.758334,291
92281,33.03679,-115.60503,2388
92282,33.972293,-116.654195,805
92316,34.059722,-117.39104,25995
92336,34.136367,-117.460803,54586
92359,34.103578,-117.04054,7324
92364,35.478736,-115.516984,162
92372,34.459322,-117.629729,4280
92384,35.924252,-116.188668,87
92398,35.013299,-116.834092,1195
92504,33.9108,-117.398153,46550
92553,33.923149,-117.244933,61205
92584,33.653338,-117.178271,14068
92591,33.540604,-117.10909,25655
92596,33.657433,-117.04254,4093
92610,33.698728,-117.67768,10936
92708,33.712036,-117.950113,54548
92802,33.807864,-117.923782,45086
93030,34.223244,-119.18012,79736
93206,35.451402,-119.488413,2078
93256,35.957019,-119.330928,4198
93267,36.141319,-119.129075,5689
93286,36.464635,-119.094348,8870
93301,35.383937,-119.020428,12963
93313,35.140938,-119.051348,25126
93432,35.480896,-120.469476,1203
93441,34.70434,-120.02609,1317
93460,34.630356,-120.032564,5710
93461,35.634488,-120.293534,1255
93512,37.653947,-118.231443,340
93514,37.04584,-118.397236,13309
93645,37.140104,-119.657092,173
93701,36.749403,-119.787574,13858
94022,37.349546,-122.134356,18486
94030,37.601248,-122.403099,20350
94037,37.540582,-122.509594,2346
94044,37.573633,-122.455167,38885
94115,37.786031,-122.437301,33122
94127,37.736535,-122.45732,20643
94306,37.416159,-122.131337,24492
94511,38.050558,-121.646924,2379
94530,37.924838,-122.289145,23141
94535,38.265899,-121.939461,9978
94536,37.572273,-121.964583,66543
94592,38.093701,-122.276589,159
94599,38.421458,-122.365048,2873
94619,37.787186,-122.14633,24518
94621,37.750553,-122.197175,30751
94703,37.863843,-122.275684,19763
94951,38.325599,-122.642352,3777
95007,37.106902,-122.100006,1007
95012,36.784481,-121.759054,8582
95113,37.333851,-121.891147,561
95132,37.424655,-121.74841,40568
95203,37.954089,-121.329761,16357
95230,37.956963,-120.863055,596
95233,38.184914,-120.364085,335
95242,38.128087,-121.4078,22073
95254,38.192608,-120.957842,304
95317,37.127386,-120.506422,808
95326,37.5923,-120.853288,6822
95386,37.669516,-120.626964,8308
95410,39.225694,-123.717354,1054
95429,39.756049,-123.358701,91
95442,38.368744,-122.522642,4101
95443,39.045246,-122.743181,175
95451,38.93496,-122.792243,9902
95454,39.806141,-123.531098,2706
95459,38.966713,-123.586412,586
95470,39.298065,-123.25211,5995
95626,38.734997,-121.463719,6197
95682,38.598936,-120.963092,24738
95688,38.419088,-122.024568,32564
95709,38.748316,-120.675512,4829
95726,38.733908,-120.453416,8577
95747,38.784329,-121.373245,25418
95817,38.550722,-121.457314,14966
95820,38.53508,-121.444144,37031
95903,39.125311,-121.392283,5654
95922,39.432127,-121.099287,632
95932,39.273096,-122.050763,7503
95943,39.597975,-122.032248,1454
95947,40.160386,-120.835428,2064
95953,39.258746,-121.77697,8695
96015,41.486953,-120.913975,417
96031,41.232128,-123.194748,170
96037,41.528541,-122.955018,295
96048,40.913192,-123.06597,734
96054,41.280478,-121.160249,386
96058,41.769709,-121.92063,816
96119,41.042003,-120.506086,85
96121,40.181279,-120.392967,481
96146,39.191797,-120.212401,942
90011,34.00709,-118.258681,101215
90036,34.070291,-118.349191,32901
90222,33.912246,-118.236773,29825
90301,33.956445,-118.358634,37527
90305,33.958134,-118.330905,13779
90403,34.031529,-118.491156,23559
90638,33.902045,-118.008961,47568
90703,33.8681,-118.067402,51556
90815,33.797638,-118.11662,38902
91201,34.17051,-118.289463,23981
91208,34.195386,-118.238508,16910
91324,34.238208,-118.55029,25751
91352,34.231053,-118.338307,46639
91355,34.43987,-118.644609,24977
91356,34.157137,-118.548511,27424
91607,34.165783,-118.399795,27453
91755,34.049172,-118.115022,26933
91766,34.042286,-117.756106,69974
92004,33.200369,-116.192313,2863
92203,33.752938,-116.230055,2743
92227,33.03933,-115.191857,23394
92267,34.273872,-114.192901,131
92278,34.457829,-116.139589,14104
92284,34.159534,-116.425984,20486
92501,33.994676,-117.372498,18999
92562,33.548869,-117.334165,36149
92595,33.617108,-117.253349,19368
92626,33.678591,-117.905471,48207
92660,33.634626,-117.874882,28687
92688,33.624654,-117.611733,42193
92694,33.569186,-117.640055,350
92782,33.738543,-117.785046,17494
92821,33.930199,-117.862898,34055
92833,33.877639,-117.961212,46105
92841,33.786738,-117.982564,31428
92869,33.792791,-117.789749,37916
92870,33.881158,-117.854783,48170
93012,34.205504,-118.993111,24945
93023,34.581308,-118.931948,21633
93041,34.110124,-119.100972,25634
93063,34.296813,-118.685703,49027
93109,34.406256,-119.726936,10986
93207,35.865795,-118.69759,226
93235,36.385818,-119.224243,4517
93249,35.637715,-119.893068,2502
93257,36.008958,-118.891593,65566
93266,36.175255,-119.813805,1729
93283,35.55647,-118.244914,1935
93424,35.186644,-120.728305,812
93437,34.757477,-120.550507,6165
93451,35.886767,-120.608661,2666
93505,35.151491,-117.927597,8316
93510,34.501452,-118.207862,7831
93517,38.184583,-119.286558,826
93601,37.375816,-119.739935,1968
93605,37.17277,-119.2997,273
93611,36.917652,-119.593757,46858
93626,37.027663,-119.69056,1125
93631,36.478239,-119.52137,14088
93634,37.290606,-119.216328,52
93666,36.545353,-119.338535,306
93908,36.624338,-121.615669,13027
94025,37.449551,-122.183762,39062
94080,37.654436,-122.426468,60599
94301,37.444314,-122.149996,16198
94403,37.538309,-122.305109,37926
94546,37.708327,-122.083473,41698
94565,38.006047,-121.916834,78816
94571,38.148862,-121.737696,5246
94605,37.758019,-122.138678,42854
94929,38.24458,-122.956268,330
94946,38.065359,-122.665566,607
94964,37.942551,-122.491642,6448
95018,37.089111,-122.062213,8728
95231,37.873283,-121.292034,5094
95312,37.420273,-120.66527,55
95329,37.666587,-120.411517,1749
95345,37.581496,-119.972762,433
95346,38.121601,-120.133915,1278
95382,37.529656,-120.854357,24708
95383,38.107441,-120.230625,4848
95421,38.578807,-123.19338,1575
95432,39.108252,-123.645121,383
95536,40.4785,-124.301372,2965
95553,40.210895,-123.86,867
95568,41.444606,-123.471895,202
95607,38.681651,-122.130569,262
95615,38.311609,-121.554034,699
95620,38.392821,-121.799917,18529
95625,38.349195,-121.902943,171
95642,38.336216,-120.76901,6202
95648,38.922812,-121.312005,15286
95832,38.445939,-121.496855,9063
95833,38.619049,-121.517552,31422
95841,38.660442,-121.346321,20993
95916,39.657228,-121.37778,1279
95946,39.203817,-121.19584,9752
95951,39.732767,-122.042298,1931
95956,39.937017,-121.058043,301
96001,40.587919,-122.464732,31586
96029,39.84784,-122.544556,84
96055,40.059385,-122.091481,3756
96086,41.924174,-123.260788,332
96087,40.617614,-122.512861,528
90002,33.949255,-118.246978,44586
90013,34.044639,-118.240413,9732
90018,34.028735,-118.317236,47143
90040,33.994524,-118.149953,9805
90045,33.954017,-118.402447,39334
90047,33.958149,-118.308441,47107
90212,34.062095,-118.401508,11355
90404,34.026334,-118.474222,19975
90744,33.782068,-118.262263,53323
90745,33.822295,-118.26411,55486
90803,33.760458,-118.129725,31352
91040,34.282704,-118.312929,18752
91101,34.146635,-118.139225,16812
91307,34.199787,-118.68493,23637
91350,34.502432,-118.41459,40077
91361,34.130992,-118.894673,18735
91405,34.202494,-118.448048,51348
91733,34.04622,-118.053753,45645
91762,34.057256,-117.667677,54254
91786,34.105493,-117.660934,48827
91913,32.64164,-116.985026,12884
91963,32.619465,-116.593605,905
91980,32.587557,-116.636816,91
92008,33.148116,-117.306043,35582
92019,32.785165,-116.862648,40995
92020,32.79697,-116.969082,55277
92040,32.909873,-116.906774,42277
92060,33.309852,-116.823091,234
92065,33.044541,-116.833922,33104
92071,32.847336,-116.997605,53510
92082,33.25283,-116.986079,14575
92083,33.17494,-117.242761,62036
92260,33.694501,-116.412711,29340
92301,34.667815,-117.536183,18980
92327,34.875144,-116.821698,678
92536,33.482243,-116.827173,2433
92618,33.667145,-117.732135,6301
92835,33.902211,-117.914922,21157
92860,33.925833,-117.559639,22443
92880,33.918043,-117.617809,16998
93202,36.315979,-119.710852,2872
93219,35.858054,-119.305858,9318
93239,35.996923,-120.000951,1809
93260,35.861928,-118.636698,266
93265,36.245926,-118.693138,3546
93291,36.391777,-119.372842,36718
93405,35.236549,-120.727344,31982
93428,35.591387,-121.032256,6526
93518,35.358953,-118.527064,1022
93549,36.296851,-117.865469,318
93554,35.405722,-117.773354,117
93651,37.007238,-119.505661,1314
93652,36.594542,-119.905245,265
93703,36.768774,-119.762633,31180
93720,36.878709,-119.7645,45087
93725,36.623632,-119.741322,21010
93726,36.793601,-119.761131,39148
93905,36.667794,-121.601306,58548
93923,36.460611,-121.852507,13121
94010,37.57028,-122.365778,40346
94043,37.419725,-122.062947,27822
94074,37.331762,-122.341444,291
94103,37.773147,-122.411287,23036
94111,37.801776,-122.402293,3337
94129,37.797526,-122.464531,2240
94560,37.504133,-122.032347,42491
94574,38.581354,-122.296283,9423
94579,37.687264,-122.15728,19815
94609,37.834341,-122.26437,21097
94709,37.878554,-122.26609,10147
94952,38.237018,-122.77872,31930
94954,38.235021,-122.557332,35419
95046,37.084697,-121.606417,5671
95066,37.070177,-122.010077,14574
95215,37.946282,-121.139499,23789
95316,37.524721,-120.757977,5513
95324,37.394536,-120.890747,7177
95335,38.109125,-120.078597,683
95363,37.410236,-121.320337,15536
95369,37.521708,-120.426843,1158
95448,38.618347,-122.908422,17979
95465,38.415003,-122.998726,1880
95494,38.888351,-123.239647,335
95545,40.342928,-124.063329,82
95547,40.557314,-124.081662,1201
95548,41.572813,-124.035011,1215
95560,40.142256,-123.852927,1851
95563,40.89866,-123.539754,660
95635,38.921333,-120.897718,1140
95641,38.154823,-121.601358,2010
95645,38.875508,-121.765866,1793
95664,38.803731,-121.043799,1173
95665,38.400264,-120.641274,4354
95673,38.688764,-121.457596,14010
95687,38.333133,-121.920151,63157
95735,38.805481,-120.13287,25
95746,38.749466,-121.184196,20675
95826,38.542532,-121.378826,38818
95925,39.461768,-121.195825,262
95937,38.931425,-121.946081,19
95960,39.423046,-120.984472,565
95968,39.435756,-121.552071,1254
95988,39.493991,-122.286363,8812
96013,40.946785,-121.719489,4552
96021,39.913777,-122.289984,13840
96023,41.949216,-122.050062,1162
96047,40.524535,-122.647172,911
96065,40.877552,-121.885884,431
96067,41.33832,-122.290756,7309
96092,39.955164,-122.018567,439
96116,41.266008,-120.490731,277
96122,39.786755,-120.445626,4236
96123,40.845738,-120.322219,61
96128,40.346634,-120.386422,408
96145,39.178337,-120.162806,4002
90014,34.043144,-118.251977,3524
90019,34.049841,-118.33846,67520
90026,34.078991,-118.263804,73686
90068,34.137411,-118.328915,21728
90210,34.099891,-118.414338,21397
90280,33.944624,-118.192615,96267
90814,33.771612,-118.143866,19034
91203,34.153338,-118.262974,14493
91301,34.129058,-118.759788,25303
91321,34.370378,-118.504118,30742
91504,34.213049,-118.317651,25882
91506,34.169706,-118.323548,18539
91723,34.084747,-117.886844,17554
91741,34.14649,-117.849815,24973
91791,34.061634,-117.893169,30458
91941,32.759327,-116.99726,44652
91945,32.733564,-117.033713,24961
91950,32.67102,-117.095235,62355
92014,32.948262,-117.256086,13945
92066,33.215251,-116.53633,339
92070,33.174725,-116.743329,1143
92268,34.201108,-116.593456,354
92342,34.757783,-117.33997,4948
92358,34.238162,-117.534306,1090
92368,34.647959,-117.296957,909
92672,33.429488,-117.609432,34946
92677,33.529047,-117.701175,62103
92801,33.844983,-117.952151,60553
92806,33.83796,-117.870494,34398
92832,33.868316,-117.929029,24502
92845,33.782955,-118.026456,15878
92882,33.819385,-117.600213,60294
93003,34.279221,-119.221437,46894
93103,34.438581,-119.685368,20893
93225,34.827662,-118.999073,4498
93241,35.245035,-118.905553,15364
93247,36.205465,-119.085807,15508
93422,35.453912,-120.69461,29539
93458,34.95934,-120.490081,43684
93523,34.966777,-117.961179,7685
93530,36.560498,-117.962461,71
93535,34.712708,-117.889656,57794
93561,35.073777,-118.652112,25805
93604,37.458367,-119.345011,613
93608,36.488056,-120.407691,1766
93609,36.5276,-119.865999,5446
93610,37.100948,-120.270136,19391
93616,36.657462,-119.595293,1965
93624,36.397745,-120.119911,1852
93630,36.727418,-120.123526,14062
93637,36.902954,-120.194274,28434
93704,36.799648,-119.801247,26580
93722,36.78979,-119.929894,60889
93728,36.757345,-119.818274,16346
93940,36.362741,-121.869685,32857
94062,37.410567,-122.297152,25569
94501,37.774633,-122.274434,58555
94507,37.855717,-121.994813,15187
94538,37.505768,-121.962472,56126
94563,37.873916,-122.20522,17964
94591,38.105733,-122.186338,51665
94708,37.897743,-122.263124,10737
94931,38.326215,-122.718742,7936
95004,36.878364,-121.629781,3373
95065,37.031404,-121.981865,8365
95070,37.257772,-122.051824,30589
95130,37.277592,-121.986477,13481
95204,37.974498,-121.319568,30476
95210,38.033219,-121.297433,40611
95228,37.943954,-120.67108,2633
95305,37.818589,-120.256995,167
95311,37.722127,-120.110174,2271
95318,37.654551,-119.822984,579
95322,37.147198,-121.120161,7872
95333,37.249377,-120.249581,3256
95340,37.255637,-120.493537,59289
95357,37.670526,-120.877572,13343
95360,37.343846,-121.039391,8504
95366,37.750778,-121.13238,12646
95368,37.713152,-121.08739,12466
95461,38.787446,-122.58675,7789
95493,39.222323,-122.985488,240
95537,40.726949,-124.217378,228
95569,40.363446,-123.835041,400
95621,38.69549,-121.307864,41636
95684,38.606703,-120.586659,2958
95695,38.71967,-121.862416,38547
95822,38.512569,-121.495184,44683
95823,38.475465,-121.443625,72199
95831,38.494832,-121.529447,42832
95938,39.607831,-121.777959,3524
95969,39.69676,-121.644379,28318
96046,40.648024,-123.465088,268
96050,41.816595,-122.948287,482
96051,40.883853,-122.418258,1236
96108,41.750354,-120.403885,104
96142,39.061227,-120.179546,1291
90023,34.017697,-118.200577,47487
90038,34.088017,-118.327168,32562
90077,34.102084,-118.451629,10470
90603,33.945318,-117.992066,19109
90746,33.859171,-118.252272,25566
90804,33.783047,-118.1486,43467
91344,34.291273,-118.505104,48867
91436,34.152875,-118.486056,13129
91604,34.139082,-118.39275,26157
91768,34.067932,-117.785168,36057
91910,32.636792,-117.054989,74025
92107,32.741852,-117.243453,27959
92116,32.765299,-117.122565,33083
92131,32.89325,-117.087091,29283
92242,34.137742,-114.36514,1564
92276,33.849263,-116.382778,6242
90003,33.964131,-118.272783,58198
90006,34.048013,-118.293953,62784
90010,34.062125,-118.315709,1957
90015,34.039224,-118.266293,15140
90032,34.078821,-118.177576,46960
90041,34.137412,-118.207607,27866
90042,34.11572,-118.192754,64672
90056,33.987945,-118.370442,8115
90061,33.92128,-118.274186,24511
90211,34.063947,-118.383001,8321
90262,33.923573,-118.200669,69850
90292,33.977468,-118.445475,18058
90504,33.867257,-118.330794,31678
90606,33.976678,-118.065875,32148
90631,33.940619,-117.9513,67354
90704,33.391181,-118.421305,3699
90710,33.798266,-118.300237,24660
90731,33.736387,-118.284363,58639
91001,34.196837,-118.142236,36243
91016,34.1528,-118.000482,41067
91042,34.296574,-118.244839,26753
91103,34.167465,-118.165327,27891
91206,34.162515,-118.203869,31297
91207,34.182378,-118.262922,9864
91345,34.266389,-118.459744,17112
91601,34.1692,-118.372498,36625
91744,34.031441,-117.936436,84965
91773,34.102119,-117.815532,33878
91803,34.074736,-118.145959,30635
92273,32.790282,-115.689559,1632
92338,34.702766,-116.093376,23
92371,34.441123,-117.537886,12463
92377,34.156758,-117.404686,18518
92392,34.486835,-117.362274,63235
92401,34.105935,-117.2914,1779
92410,34.106922,-117.297553,44556
92503,33.890046,-117.455583,71678
92506,33.930931,-117.361788,42425
92518,33.888323,-117.277533,1005
92548,33.761894,-117.120868,4283
92549,33.755039,-116.741796,3588
92586,33.707483,-117.200006,18161
92587,33.69887,-117.25071,13151
92612,33.643095,-117.810896,41062
92646,33.666301,-117.969501,56517
92701,33.748478,-117.858918,58157
92707,33.714829,-117.872941,62634
92805,33.830209,-117.906099,68802
93001,34.360261,-119.306383,32899
93205,35.523991,-118.400432,1954
93238,35.852892,-118.397782,1873
93244,36.462671,-118.997291,293
93263,35.490705,-119.286833,15177
93531,35.214982,-118.59049,1436
93536,34.741406,-118.38111,49309
93552,34.557711,-118.029441,25370
93553,34.445239,-117.894868,1613
93641,36.696759,-119.024051,571
93647,36.600185,-119.175655,9780
93650,36.841655,-119.797113,3258
93660,36.600193,-120.153393,4318
93667,36.993666,-119.348267,2633
93711,36.833002,-119.82947,36274
93721,36.732694,-119.783786,6848
93930,36.220761,-120.980777,14477
93953,36.587497,-121.944815,4602
94002,37.509366,-122.306132,25566
94024,37.352911,-122.093002,21496
94040,37.380662,-122.086022,32143
94060,37.22565,-122.297533,2055
94066,37.624436,-122.430661,39566
94086,37.378541,-122.020456,64010
94131,37.746699,-122.442833,27906
94509,37.980057,-121.801599,90891
94541,37.674002,-122.076796,60274
94545,37.62984,-122.120843,27311
94555,37.555473,-122.080312,33883
94580,37.676249,-122.132415,26240
94587,37.59485,-122.051521,66472
94595,37.862128,-122.075197,18024
94596,37.900662,-122.052782,40917
94598,37.916648,-122.008483,26022
94606,37.792489,-122.244314,41876
94607,37.80707,-122.297401,21054
94706,37.890274,-122.295192,15882
94923,38.377165,-123.037957,1785
94940,38.129308,-122.834815,406
94947,38.112166,-122.634384,24741
94949,38.067204,-122.524004,13361
94960,37.99272,-122.575026,16849
94965,37.848641,-122.515692,11213
94971,38.240769,-122.901041,384
94972,38.339996,-122.935056,66
95002,37.449537,-121.994813,2147
95062,36.974575,-121.991149,36631
95112,37.343827,-121.883119,52334
95116,37.350284,-121.852855,51706
95125,37.294926,-121.894763,46185
95129,37.305622,-122.000887,37570
95134,37.42765,-121.945416,9657
95219,38.029729,-121.387999,19109
95220,38.200231,-121.235034,6317
95236,38.047746,-121.030499,3148
95240,38.123544,-121.159078,45755
95252,38.156971,-120.849231,11266
95255,38.41935,-120.469545,2198
95301,37.321233,-120.656354,27808
95338,37.526791,-119.99437,10226
95350,37.671806,-121.007575,52872
95351,37.621458,-121.012295,47536
95361,37.785033,-120.776141,25384
95409,38.468893,-122.580539,25718
95420,39.361283,-123.784599,333
95425,38.801936,-122.938935,9210
95427,39.239818,-123.565432,371
95445,38.848082,-123.50608,1916
95471,38.522328,-122.97932,298
95482,39.134075,-123.23422,30988
95519,40.965011,-124.015255,15921
95550,40.7666,-123.80458,155
95567,41.950683,-124.097094,2020
95570,41.162295,-124.027381,2369
95601,38.431407,-120.8421,222
95619,38.683605,-120.811852,4426
95624,38.434138,-121.30587,38534
95662,38.689174,-121.218435,32040
95663,38.859093,-121.182872,2048
95669,38.489273,-120.891614,2220
95694,38.578604,-122.024579,8406
95713,39.084645,-120.894014,8525
95722,39.003358,-121.022539,3747
95815,38.608405,-121.449942,25355
95824,38.517295,-121.439819,30580
95828,38.486938,-121.395805,54880
95843,38.715498,-121.363411,36432
95864,38.585826,-121.376263,23362
95912,38.982373,-122.047751,4796
95914,39.396585,-121.38029,626
95954,39.933852,-121.584371,11168
95966,39.473896,-121.415927,28382
95981,39.58458,-121.093256,101
96014,41.388397,-122.794636,290
96022,40.336392,-122.448533,12348
96024,40.586588,-122.903677,960
96028,41.017282,-121.468945,1902
96068,41.082472,-121.195215,240
90004,34.076259,-118.310715,67852
90012,34.065875,-118.238728,30596
90025,34.046174,-118.446333,41175
90058,34.001617,-118.222274,3642
90066,34.002028,-118.430656,55204
90265,34.074572,-118.831181,19630
90277,33.830453,-118.384565,34191
90623,33.850504,-118.039892,15505
90680,33.801869,-117.995068,29694
90717,33.794209,-118.317354,21065
90740,33.75462,-118.071128,24180
90810,33.819814,-118.222416,35656
91325,34.236683,-118.517588,32307
91326,34.281911,-118.556218,28067
91754,34.050322,-118.147037,33280
91789,34.018354,-117.85492,45118
92118,32.68674,-117.186612,24093
92139,32.677716,-117.047666,36351
92154,32.578103,-117.012975,68776
92211,33.762759,-116.324817,19702
92220,33.936298,-116.849577,25859
92249,32.730583,-115.501083,3535
92253,33.695532,-116.310571,23971
92270,33.763678,-116.429928,12465
92304,34.559882,-115.637164,42
92305,34.1678,-116.86433,301
92308,34.424926,-117.184503,28819
92309,35.28952,-116.092214,904
92321,34.255203,-117.175654,455
92324,34.030915,-117.273201,52202
92333,34.274846,-116.937581,414
92337,34.049671,-117.468896,29847
92374,34.064073,-117.166158,36675
92386,34.243088,-116.830015,1834
92539,33.527605,-116.666551,3745
92543,33.739415,-116.968339,29687
92551,33.88274,-117.224878,22983
92657,33.603282,-117.821841,5597
92662,33.606336,-117.893042,3124
92679,33.631119,-117.567346,32268
92804,33.818,-117.974404,81333
92843,33.764018,-117.931507,43491
92886,33.897253,-117.792202,39458
93035,34.18454,-119.224666,25322
93040,34.432843,-118.730106,1459
93060,34.402343,-119.094824,32511
93108,34.457541,-119.631072,12741
93268,35.184837,-119.402525,14937
93402,35.279984,-120.824288,14859
93427,34.631362,-120.238218,4644
93442,35.369553,-120.763864,10909
93465,35.536115,-120.739231,7918
93526,36.869584,-118.189241,734
93534,34.727529,-118.153098,35109
93560,34.903052,-118.411251,14931
93628,36.807595,-118.901544,93
93643,37.244307,-119.470256,3376
93644,37.648647,-119.231447,8521
93673,36.456091,-119.486225,646
93906,36.722898,-121.633648,53946
93924,36.414611,-121.6386,6691
94005,37.684694,-122.40712,3635
94105,37.789168,-122.395009,2066
94110,37.750021,-122.415201,74641
94117,37.770533,-122.445121,38756
94122,37.760412,-122.484966,55504
94523,37.95338,-122.076886,32685
94526,37.815459,-121.977203,32873
94567,38.672708,-122.403219,494
94568,37.713926,-121.928425,29636
94572,38.027218,-122.23463,8506
94576,38.554383,-122.474773,223
94586,37.587494,-121.862856,790
94589,38.161321,-122.271588,42209
94618,37.84551,-122.235181,15438
94705,37.858898,-122.240512,12448
94805,37.941456,-122.320968,13984
94937,38.099323,-122.945723,1004
94941,37.901371,-122.572024,28727
95045,36.810568,-121.503022,3402
95054,37.393554,-121.965114,13031
95060,36.993451,-122.098858,43192
95120,37.186141,-121.843554,37090
95121,37.304681,-121.809955,37127
95131,37.387027,-121.897775,26389
95202,37.959706,-121.287669,7071
95212,38.049457,-121.21653,6951
95224,38.208336,-120.339938,115
95246,38.264262,-120.515133,1692
95365,37.329725,-120.306399,4150
95401,38.460517,-122.790335,36125
95404,38.526941,-122.709096,35057
95405,38.439696,-122.668817,22250
95423,39.07116,-122.598542,3684
95428,39.83307,-123.178765,2296
95431,38.348884,-122.51699,363
95446,38.52576,-123.013347,4913
95450,38.505995,-123.187019,438
95501,40.796621,-124.15428,23224
95503,40.737431,-124.108897,23570
95605,38.592745,-121.540036,12756
95606,38.809804,-122.241383,382
95623,38.63153,-120.842609,4097
95633,38.852544,-120.837669,2536
95659,38.788898,-121.608624,751
95670,38.602723,-121.279913,49729
95674,38.954144,-121.482536,947
95686,38.157794,-121.520223,1472
95714,39.197215,-120.83679,350
95721,38.851842,-120.076204,69
95736,39.00978,-120.978273,31
95818,38.556306,-121.495817,21313
95827,38.549185,-121.328386,19611
95926,39.745712,-121.84333,35808
95936,39.578792,-120.780786,404
95975,39.225634,-121.156163,1601
96009,41.083464,-121.107929,595
96069,40.689243,-122.037023,829
96071,40.656287,-121.428965,182
96096,40.637105,-121.906949,843
96103,39.783747,-120.661032,1839
96110,41.280341,-120.150381,132
96112,41.932207,-120.135941,231
96126,39.559709,-120.345639,227
96137,40.271535,-121.018087,4158
96150,38.911577,-120.106169,33038
90016,34.028331,-118.354338,46984
90017,34.052842,-118.264495,20692
90031,34.085807,-118.206617,38415
90043,33.988543,-118.334081,44764
90048,34.072945,-118.37267,21739
90049,34.091829,-118.491244,33523
90057,34.061918,-118.277939,44004
90071,34.052917,-118.255178,21
90221,33.885811,-118.206459,51387
90260,33.88856,-118.351813,33300
90302,33.975332,-118.355252,30779
90405,34.005439,-118.477507,26099
90505,33.807882,-118.347957,34873
90670,33.933565,-118.062611,16271
90807,33.830099,-118.182239,31556
91105,34.13946,-118.166649,10253
91303,34.19829,-118.602203,23519
91311,34.294142,-118.603883,35325
91316,34.150354,-118.518292,27614
91403,34.147149,-118.463365,22085
91752,33.999992,-117.535395,18980
91902,32.67117,-117.00232,17389
91931,32.857946,-116.561917,796
91942,32.782501,-117.01611,24005
92009,33.098018,-117.258203,43161
92057,33.254497,-117.285879,46893
92108,32.774046,-117.142454,11650
92113,32.697098,-117.116587,47431
92119,32.802959,-117.027095,21866
92120,32.807867,-117.060993,25569
92127,33.017518,-117.118456,20046
92128,33.000269,-117.072093,42733
92201,33.713891,-116.237257,56307
92262,33.839989,-116.659215,24924
92314,34.278967,-116.773825,9899
92320,33.982787,-117.057627,7334
92341,34.244411,-117.072654,317
92347,34.983808,-117.239306,1933
92405,34.142747,-117.300864,24644
92602,33.720359,-117.733655,2762
92627,33.645672,-117.922613,62069
92647,33.723579,-118.005441,58764
92676,33.782346,-117.635263,1859
92780,33.735802,-117.818805,55062
92808,33.850452,-117.726668,19629
92831,33.879983,-117.895482,34592
92883,33.762351,-117.488725,13188
93013,34.441398,-119.513163,17409
93222,34.907911,-119.234281,1526
93245,36.303666,-119.825657,30419
93262,36.527243,-118.594938,56
93280,35.652242,-119.4464,22760
93306,35.449881,-118.841442,53481
93429,34.866032,-120.536546,210
93434,34.936,-120.594655,5726
93532,34.659579,-118.584212,2771
93550,34.536232,-118.082935,67232
93563,34.39583,-117.734568,413
93657,36.819628,-119.440414,28991
93705,36.78724,-119.827813,35451
93901,36.64152,-121.622188,35739
93950,36.618337,-121.926417,15449
93955,36.625114,-121.823565,38244
94107,37.768881,-122.395521,17372
94401,37.590421,-122.306467,32488
94515,38.629618,-122.593216,7384
94544,37.639215,-122.037554,72993
94549,37.907777,-122.127161,23996
94611,37.828416,-122.216005,36517
94924,37.943087,-122.72379,1573
95010,36.977025,-121.952864,9673
95014,37.306612,-122.080621,54431
95035,37.441931,-121.878502,62848
95050,37.351214,-121.952417,36349
95117,37.311088,-121.961786,29914
95123,37.238758,-121.828375,59632
95223,38.32153,-120.236358,5159
95226,38.233879,-120.861666,75
95227,38.227285,-121.02789,722
95237,38.166791,-121.14207,3205
95330,37.80821,-121.308401,10834
95358,37.612612,-121.108568,30668
95364,38.224869,-119.755729,235
95374,37.316807,-120.855753,1960
95380,37.474396,-120.875917,40545
95385,37.609095,-121.263381,274
95403,38.488431,-122.752839,40270
95476,38.25485,-122.461799,34314
95546,41.163637,-123.704841,3041
95554,40.267158,-123.805913,644
95564,40.809636,-124.189977,395
95595,40.170357,-123.417298,259
95612,38.384648,-121.578701,1417
95632,38.274451,-121.259201,24194
95639,38.375325,-121.507935,213
95690,38.240419,-121.587535,2344
95715,39.23754,-120.720196,185
95758,38.35363,-121.44195,47065
95776,38.694081,-121.694431,15022
95821,38.625096,-121.383658,35426
95842,38.687367,-121.34848,31373
95918,39.292334,-121.320597,1477
95934,40.080342,-120.957805,178
95955,39.281194,-122.226568,1146
95961,39.082568,-121.55325,6439
96008,40.722733,-122.109666,899
96017,41.121108,-122.336613,228
96039,41.831901,-123.487478,1294
96075,40.343213,-121.815412,433
96130,40.559177,-120.612113,19440
96132,41.027281,-120.669427,72
96140,39.227434,-120.091806,1943
96143,39.246654,-120.029273,4806
90027,34.127194,-118.295647,48727
90245,33.917145,-118.401554,16041
90290,34.115192,-118.61017,5451
90291,33.991782,-118.479229,31021
90502,33.833181,-118.292062,17058
90822,33.778436,-118.118648,425
91010,34.145695,-117.95982,27414
91104,34.165383,-118.123752,38460
91367,34.178068,-118.615714,36123
91739,34.133809,-117.523724,12937
92111,32.805518,-117.169052,46828
92124,32.827238,-117.089287,30206
92404,34.183286,-117.221722,53636
92411,34.122501,-117.320138,23146
92505,33.920907,-117.489426,38446
92530,33.655421,-117.391751,38519
92582,33.806708,-117.02007,4456
92624,33.458754,-117.665104,7465
92692,33.60693,-117.644253,46227
92844,33.766476,-117.969795,23481
92865,33.828779,-117.848299,18058
92868,33.787796,-117.875928,23172
93105,34.037342,-119.80079,25771
93212,36.04533,-119.532424,23506
93223,36.29878,-119.201028,8644
93243,34.845861,-118.885163,1247
93261,35.809921,-119.127437,2956
93274,36.185471,-119.375243,56101
93292,36.37559,-119.211689,30395
93312,35.392599,-119.245341,40836
93436,34.601055,-120.382917,51737
93463,34.624399,-120.137875,7958
93501,35.097323,-118.171288,4882
93603,36.64545,-118.924982,273
93656,36.452211,-119.94575,5729
93921,36.554618,-121.922239,2966
93927,36.248708,-121.386617,14204
94089,37.421633,-122.009613,16985
94112,37.720498,-122.443119,73117
94303,37.45809,-122.115398,45499
94508,38.542448,-122.419923,3641
94517,37.881842,-121.848111,14239
94603,37.739113,-122.175602,31392
94804,37.921034,-122.341798,39089
94928,38.34719,-122.697822,42544
94950,38.052209,-122.775567,248
94973,38.005839,-122.638155,1449
95003,37.013471,-121.877877,24227
95076,36.931654,-121.752383,81141
95111,37.284265,-121.827673,57748
95321,37.902968,-119.667544,3680
95327,37.84771,-120.486589,9559
95334,37.361987,-120.748394,12672
95354,37.639029,-120.964772,27135
95379,37.939768,-120.188002,3979
95412,38.731055,-123.316553,747
95444,38.434362,-122.86891,390
95449,38.93706,-123.118111,1373
95463,39.182916,-123.552571,148
95527,40.854512,-123.450097,485
95558,40.274302,-124.210902,300
95614,38.880622,-120.973865,3674
95646,38.631489,-120.015167,129
95672,38.724322,-120.991237,3815
95685,38.432145,-120.77069,4610
95693,38.392559,-121.225093,5889
95720,38.766036,-120.209673,183
95825,38.590035,-121.412455,30715
95837,38.691607,-121.602284,264
95948,39.346898,-121.759537,9763
95963,39.748037,-122.302169,13706
95983,40.053684,-120.743116,513
96016,40.936285,-121.572692,344
96025,41.212695,-122.392067,2602
96027,41.405193,-123.008567,2156
96056,41.10831,-121.360362,1554
96061,40.331975,-121.460674,78
96076,40.367964,-122.937379,215
96136,40.345949,-120.081187,162
96141,39.117018,-120.212535,858
90069,34.093781,-118.381061,20408
90716,33.830431,-118.074071,14852
90805,33.864622,-118.179626,91664
91205,34.13658,-118.245839,41390
91306,34.209532,-118.577563,43857
91340,34.286131,-118.435969,33389
91343,34.238802,-118.482296,57017
91730,34.10097,-117.57882,51970
91763,34.072121,-117.698319,34447
91792,34.024405,-117.898722,31622
91932,32.579134,-117.119009,26662
91977,32.726627,-116.994608,56100
92024,33.054579,-117.25665,47126
92064,32.984395,-117.013454,47969
92075,33.001813,-117.263628,12173
92103,32.747484,-117.166877,30202
92223,33.946982,-116.977672,17721
92233,33.143826,-115.497485,7857
92251,32.858595,-115.662709,14546
92259,32.698964,-115.886656,471
92264,33.745746,-116.514215,18884
90008,34.008293,-118.346766,30852
90021,34.029043,-118.239504,3012
90035,34.051809,-118.383843,27799
90046,34.108455,-118.362081,49839
90201,33.970343,-118.171368,105285
90220,33.88151,-118.234451,47305
90249,33.90139,-118.315697,26442
90266,33.889632,-118.39737,33758
90270,33.988572,-118.186565,28094
90274,33.788208,-118.404955,24979
90275,33.753146,-118.367459,41263
90293,33.947305,-118.439841,11264
90401,34.015481,-118.493231,5221
90601,34.007353,-118.033683,32050
90604,33.929704,-118.01208,37887
90630,33.818477,-118.038307,47344
90650,33.905963,-118.08263,103214
90715,33.841027,-118.078097,20890
90743,33.728273,-118.085304,174
90806,33.802664,-118.179971,49647
91006,34.137319,-118.029837,30028
91214,34.239636,-118.245259,29110
91302,34.130861,-118.68346,23661
91320,34.172071,-118.946262,37779
91364,34.153733,-118.593408,25988
91377,34.19225,-118.776874,14814
91406,34.195685,-118.490752,50047
91505,34.174215,-118.345928,29245
91602,34.15136,-118.364786,16996
91701,34.132275,-117.611478,39064
91724,34.08111,-117.853935,25068
91759,34.231318,-117.662032,47
91765,33.992416,-117.807874,46532
91780,34.101608,-118.055848,32718
91784,34.141146,-117.655583,23331
91914,32.688506,-116.938632,2606
91917,32.622999,-116.687855,727
91935,32.695681,-116.798386,8759
92007,33.015866,-117.272254,10375
92021,32.832706,-116.873258,61872
92025,33.081478,-117.033814,49281
92026,33.21846,-117.116916,43436
92054,33.351059,-117.420557,98239
92056,33.194742,-117.29032,52895
92069,33.162624,-117.170863,52664
92091,32.99356,-117.207121,1072
92101,32.72523,-117.171346,27505
92225,33.674583,-114.71612,24659
92236,33.680031,-116.171678,23170
92252,34.167236,-116.281511,8141
92254,33.543835,-115.993906,8768
92275,33.28156,-115.955541,799
92283,32.852947,-114.850784,3663
92285,34.341737,-116.539416,2182
92310,35.349241,-116.770281,9465
92311,34.965648,-117.001509,31293
92313,34.029175,-117.307211,11024
92315,34.242058,-116.89802,5447
92328,36.27688,-117.033326,443
92332,34.9436,-115.287901,115
92335,34.087558,-117.464096,82630
92339,34.067699,-116.903891,958
92345,34.361387,-117.337509,68515
92346,34.129677,-117.154277,48245
92352,34.2565,-117.19335,9793
92354,34.049315,-117.255974,18068
92363,34.711224,-114.702256,5488
92376,34.109775,-117.378904,75882
92407,34.250069,-117.393949,49355
92507,33.976328,-117.319786,48649
92545,33.734933,-117.044145,25694
92561,33.638645,-116.55783,1500
92585,33.739412,-117.173334,8692
92604,33.688546,-117.788091,27369
92614,33.680302,-117.833296,22499
92649,33.721917,-118.043237,32304
92653,33.606899,-117.717854,48273
92656,33.571259,-117.731917,41237
92673,33.4725,-117.584273,15297
92675,33.521447,-117.602555,34321
92683,33.752591,-117.993661,88230
92691,33.611945,-117.665867,46371
92703,33.748635,-117.906125,70011
92704,33.719869,-117.907063,91188
92840,33.787165,-117.931889,50641
92861,33.817473,-117.810462,5935
92866,33.784597,-117.844535,15396
92867,33.81859,-117.821288,40915
92879,33.893823,-117.531446,44875
92881,33.833686,-117.513063,21911
93004,34.278697,-119.167798,27381
93015,34.408161,-118.865111,16013
93033,34.156629,-119.117218,77791
93111,34.460197,-119.802602,16477
93117,34.489983,-120.091246,49975
93203,35.116307,-118.817644,16206
93226,35.735694,-118.738483,296
93230,36.29223,-119.622676,53204
93240,35.607875,-118.466318,5564
93242,36.444232,-119.718285,2900
93250,35.666886,-119.186717,10781
93271,36.413433,-118.854708,2318
93276,35.316263,-119.402559,236
93304,35.339796,-119.023552,44588
93305,35.391733,-118.984109,35643
93307,35.280113,-118.962329,59195
93308,35.559617,-118.925185,44915
93309,35.342891,-119.064803,58632
93420,35.176236,-120.483243,24499
93430,35.511833,-120.918713,3220
93433,35.120833,-120.61843,13106
93446,35.634222,-120.728341,35586
93450,35.996008,-120.85305,670
93452,35.746484,-121.223355,471
93453,35.303926,-120.256567,2687
93454,34.943523,-120.256729,30540
93455,34.818227,-120.418784,37364
93522,36.319181,-117.593053,64
93529,37.730269,-119.055813,618
93543,34.505273,-117.955054,11198
93544,34.500091,-117.765862,1220
93546,37.550074,-118.837167,8217
93602,36.991762,-119.242874,3464
93614,37.212191,-119.749323,9395
93620,37.045728,-120.630682,9388
93622,36.785618,-120.625382,9491
93623,37.483535,-119.679414,77
93635,36.995162,-120.955099,29124
93646,36.633498,-119.298895,8449
93653,37.252057,-119.95783,972
93654,36.636638,-119.421842,25923
93669,37.287758,-119.548156,327
93710,36.822715,-119.761826,29337
93727,36.751489,-119.68072,54701
93907,36.77462,-121.664714,22292
93926,36.52588,-121.396719,9023
93960,36.414216,-121.360597,13003
93962,36.624641,-121.647195,407
94020,37.285677,-122.224165,1622
94038,37.515556,-122.502311,3064
94041,37.388349,-122.075299,13483
94065,37.527497,-122.230941,10658
94070,37.497915,-122.267361,28098
94087,37.3511,-122.037311,50070
94116,37.74441,-122.486764,42959
94118,37.781304,-122.461522,38955
94124,37.731505,-122.384532,33177
94133,37.802071,-122.411004,26831
94134,37.721052,-122.413573,40137
94305,37.424342,-122.165641,13386
94404,37.556094,-122.272437,31882
94502,37.724817,-122.224363,13996
94506,37.791481,-121.903253,19777
94510,38.113533,-122.11926,25578
94513,37.908242,-121.682472,26577
94518,37.950248,-122.022455,27394
94547,37.991259,-122.214945,22479
94552,37.722727,-122.02157,13212
94577,37.717196,-122.159338,41871
94578,37.704384,-122.126703,36568
94585,38.197907,-122.017258,39279
94610,37.808731,-122.238708,29964
94612,37.809014,-122.269739,11702
94702,37.866009,-122.286228,15638
94920,37.885629,-122.46858,13065
94922,38.343282,-122.9755,584
94930,37.971751,-122.611873,8486
94938,38.021772,-122.691744,821
94963,38.00474,-122.663717,548
95033,37.160194,-121.945611,10172
95041,37.051166,-122.056194,77
95043,36.525703,-120.952122,813
95051,37.348129,-121.98469,52986
95064,37.007882,-122.065975,4563
95073,37.023669,-121.946461,9823
95118,37.255479,-121.889838,31926
95119,37.233226,-121.78809,10155
95122,37.32886,-121.834567,59841
95124,37.257063,-121.923037,45257
95133,37.371862,-121.860349,26032
95138,37.246064,-121.749494,14792
95140,37.382909,-121.634151,38
95148,37.339533,-121.777179,44103
95205,37.965695,-121.260051,34138
95225,38.183918,-120.898817,27
95245,38.304194,-120.592431,2718
95249,38.196497,-120.61689,3930
95257,38.392686,-120.415951,435
95307,37.553469,-120.952825,32881
95320,37.818543,-121.006907,11474
95325,37.479926,-120.230424,128
95328,37.555631,-120.911653,2130
95336,37.830267,-121.201018,36738
95337,37.750822,-121.238423,19867
95370,37.982716,-120.343732,25340
95376,37.680968,-121.446049,69801
95415,39.025867,-123.381544,1374
95430,38.445603,-123.063756,187
95436,38.499302,-122.92444,6216
95437,39.455555,-123.683979,14417
95441,38.731771,-123.064272,2349
95452,38.419525,-122.521585,1653
95456,39.245911,-123.77214,882
95457,38.925545,-122.549083,2644
95462,38.471049,-123.015549,1537
95469,39.408634,-123.045516,1884
95472,38.398815,-122.861923,31266
95485,39.220368,-122.907693,2344
95490,39.492046,-123.375818,13472
95492,38.527297,-122.810044,23701
95514,40.309088,-123.668201,199
95521,40.839958,-124.003757,19596
95528,40.497283,-123.93037,1072
95540,40.584991,-124.121504,12241
95549,40.664483,-123.865325,264
95552,40.390301,-123.412327,265
95555,41.336354,-124.044354,494
95556,41.269521,-123.546958,574
95559,40.184094,-123.745487,163
95565,40.440636,-124.098739,1125
95571,40.310119,-123.909449,270
95573,40.949012,-123.655847,1666
95585,39.873371,-123.741474,321
95603,38.912881,-121.082766,24944
95627,38.834469,-122.127193,2756
95629,38.513484,-120.704613,850
95631,39.031876,-120.811141,5714
95634,38.9386,-120.785514,2723
95640,38.33788,-120.954202,9752
95660,38.671295,-121.388251,32202
95667,38.733714,-120.795213,34146
95675,38.545775,-120.743325,364
95677,38.7904,-121.236973,21510
95689,38.481902,-120.603668,1273
95691,38.627951,-121.593287,19050
95701,39.218096,-120.79153,751
95717,39.170376,-120.838404,407
95762,38.684437,-121.055634,22028
95765,38.823278,-121.281856,15494
95816,38.574856,-121.46504,16164
95830,38.490508,-121.284171,592
95834,38.646209,-121.52446,8403
95901,39.19514,-121.503883,38091
95910,39.467828,-120.841386,118
95917,39.457388,-121.818201,3169
95944,39.564113,-120.868836,76
95945,39.194539,-120.988066,23990
95957,39.068071,-121.832638,776
95962,39.342587,-121.249833,1519
95965,39.624561,-121.552866,17782
95973,39.903272,-121.843567,26971
95974,39.495768,-121.747472,74
95977,39.176595,-121.291692,963
95978,39.904002,-121.527823,28
95979,39.288127,-122.415841,844
95986,39.34128,-120.786867,145
95991,39.02741,-121.614982,34967
96003,40.677649,-122.29467,41476
96010,40.775272,-123.287414,269
96020,40.243494,-121.154733,2664
96033,40.740138,-122.587476,373
96034,41.411315,-122.697236,392
96035,40.03194,-122.176023,3357
96038,41.599978,-122.539381,616
96057,41.251322,-122.105209,1586
96059,40.426679,-121.850421,598
96062,40.531257,-122.148139,830
96085,41.737962,-123.07557,88
96090,40.021787,-122.127576,405
96094,41.465121,-122.380947,5896
96097,41.764869,-122.671316,9538
96104,41.505916,-120.152505,857
96105,39.872961,-120.198876,650
96106,39.745805,-120.580882,88
96107,38.42528,-119.475741,1332
96113,40.198234,-120.18089,946
96114,40.294034,-120.512622,3093
96117,40.507272,-120.338228,385
96118,39.637471,-120.226338,1822
96120,38.735789,-119.85798,957
96124,39.672813,-120.456699,322
96134,41.813521,-121.492666,2595
91905,32.677097,-116.304991,1509
92240,33.948558,-116.516976,22796
92257,33.345825,-115.596574,2753
93285,35.690535,-118.552784,2515
93311,35.16207,-119.194488,20440
96101,41.468877,-120.54229,5096
96133,38.636052,-119.489162,116
91934,32.649787,-116.2237,699
92105,32.741859,-117.090353,73006
92250,32.811001,-115.152865,8062
